id;tabla;accion;creado
1;motivadora open-source;Kenyan Savings;2023-02-08T18:04:22
2;Gris;Ordenador;2023-02-08T06:48:19
3;Azul desaf√≠o;plug-and-play;2023-02-08T19:41:12
4;Cambridgeshire;grow Ladrillo;2023-02-09T03:23:27
5;Arquitecto Borders;Account;2023-02-08T23:15:28
6;Seguro;Cambridgeshire connect;2023-02-08T07:37:37
7;deposit Zapatos sistema;Gorro Borders interfaces;2023-02-08T07:06:18
8;Respuesta;Ladrillo Extremadura;2023-02-08T06:40:38
9;3rd inversa unleash;generating program Ordenador;2023-02-08T13:03:28
10;Violeta e-services;mano compress Artesanal;2023-02-09T00:56:41
