id;funcionalidades;estatus;fecha
1;out-of-the-box Pollo;Región;2023-02-24T10:05:33
2;Loti;payment Director Dominica;2023-02-24T09:52:58
3;Robusto;definición payment Gibraltar;2023-02-24T06:24:21
4;Parcela interface Distrito;Analista;2023-02-23T18:07:49
5;array Rand Pequeño;Sorprendente Muelle;2023-02-24T13:19:26
6;deposit;Birr sensor;2023-02-24T13:59:57
7;cross-platform Aragón;Loan Distrito exploit;2023-02-24T13:40:53
8;Avon neural payment;Increible payment;2023-02-24T01:08:43
9;Versatil el Ladrillo;holística Gris applications;2023-02-24T11:47:24
10;iniciativa;Total 1080p;2023-02-24T14:26:48
